<?xml version="1.0" encoding="utf-8"?>
<!--/1367616/230812/2.49/2/2/Inductor/-->
<quadcept_library>
  <setting unit="mil" />
  <textstyle name="Default" height="47.244094488189" strokewidth="7.8740157480315" charwidth="47.244094488189" />
  <textstyle name="Dimension" height="19.6850393700787" strokewidth="0" charwidth="19.6850393700787" />
  <textstyle name="H127W0635TH00762" height="50" strokewidth="3" charwidth="25" />
  <textstyle name="H15W15TH02" height="59.0551181102362" strokewidth="7.8740157480315" charwidth="59.0551181102362" />
  <padstyle name="r65_35" surface="True" plated="False" isvia="False" nopaste="False" nomask="True" complex="False" holesize="0">
    <padshape layer="TOP" shape="rectangle" width="13.779527559055" height="25.590551181102" />
    <padshape layer="TOP_SOLDER_MASK" shape="rectangle" width="21.653543307086" height="33.464566929133" />
    <padshape layer="TOP_SOLDER_PASTE" shape="rectangle" width="13.779527559055" height="25.590551181102" />
  </padstyle>
  <footprint name="MHQ1005" originx="0" originy="0" pickpointx="0" pickpointy="0">
    <pcbpin number="1" name="1" style="r65_35" originx="-16.732283464567" originy="0" rotation="0" />
    <pcbpin number="2" name="2" style="r65_35" originx="16.732283464567" originy="0" rotation="0" />
    <line layer="TOP_ASSEMBLY" originx="-19.685039370078" originy="11.811023622047" endx="19.685039370078" endy="11.811023622047" width="7.8740157480314" />
    <line layer="TOP_ASSEMBLY" originx="19.685039370078" originy="11.811023622047" endx="19.685039370078" endy="-11.811023622047" width="7.8740157480314" />
    <line layer="TOP_ASSEMBLY" originx="19.685039370078" originy="-11.811023622047" endx="-19.685039370078" endy="-11.811023622047" width="7.8740157480314" />
    <line layer="TOP_ASSEMBLY" originx="-19.685039370078" originy="-11.811023622047" endx="-19.685039370078" endy="11.811023622047" width="7.8740157480314" />
    <arc layer="TOP_SILKSCREEN" originx="-40.354330708661" originy="0" startangle="180" sweepangle="180" radius="1.9685039370078" width="7.8740157480314" />
    <arc layer="TOP_SILKSCREEN" originx="-40.354330708661" originy="0" startangle="180" sweepangle="-180" radius="1.9685039370078" width="7.8740157480314" />
    <line layer="TOP_PLACE_BOUND" originx="-63.976377952755" originy="39.370078740157" endx="47.244094488188" endy="39.370078740157" width="1.9685039370079" />
    <line layer="TOP_PLACE_BOUND" originx="47.244094488188" originy="39.370078740157" endx="47.244094488188" endy="-39.370078740157" width="1.9685039370079" />
    <line layer="TOP_PLACE_BOUND" originx="47.244094488188" originy="-39.370078740157" endx="-63.976377952755" endy="-39.370078740157" width="1.9685039370079" />
    <line layer="TOP_PLACE_BOUND" originx="-63.976377952755" originy="-39.370078740157" endx="-63.976377952755" endy="39.370078740157" width="1.9685039370079" />
  </footprint>
  <symbol name="MHQ1005P2N0BT000" originx="0" originy="0">
    <arc originx="250" originy="-2" startangle="177.7" sweepangle="-175.4" radius="50" width="0" />
    <arc originx="350" originy="-2" startangle="177.7" sweepangle="-175.4" radius="50" width="0" />
    <arc originx="450" originy="-2" startangle="177.7" sweepangle="-175.4" radius="50" width="0" />
    <arc originx="550" originy="-2" startangle="177.7" sweepangle="-175.4" radius="50" width="0" />
    <sympin number="1" originx="200" originy="0" rotation="180" length="100" width="7.8740157480315" flipped="False">
      <text name="pinname" originx="0" originy="-10" style="Default" rotation="0" justify="upperleft" flipped="False" hidden="True" data="1" />
      <text name="pindes" originx="0" originy="10" style="Default" rotation="0" justify="lowerleft" flipped="False" hidden="False" data="1" />
    </sympin>
    <sympin number="2" originx="600" originy="0" rotation="0" length="100" width="7.8740157480315" flipped="False">
      <text name="pinname" originx="800" originy="-10" style="Default" rotation="0" justify="upperright" flipped="False" hidden="True" data="2" />
      <text name="pindes" originx="800" originy="10" style="Default" rotation="0" justify="lowerright" flipped="False" hidden="False" data="2" />
    </sympin>
  </symbol>
  <component name="MHQ1005P2N0BT000" designatorprefix="L" height="0" footprint="MHQ1005">
    <comppin designator="1" sympin="1" pinswap="0" gateswap="0" gate="1" group="1" side="" type="Any" name="1" />
    <comppin designator="2" sympin="2" pinswap="0" gateswap="0" gate="1" group="1" side="" type="Any" name="2" />
    <attached_symbol gate="1" name="MHQ1005P2N0BT000" />
    <pinmap designator="1" footprintpin="1" />
    <pinmap designator="2" footprintpin="2" />
    <text name="Datasheet" originx="0" originy="0" style="Default" rotation="0" justify="" flipped="False" hidden="True" data="https://componentsearchengine.com/Datasheets/1/MHQ1005P2N0BT000.pdf" />
    <text name="Description" originx="0" originy="0" style="Default" rotation="0" justify="" flipped="False" hidden="True" data="Inductors for high frequency circuits, Multilayer ceramic" />
    <text name="Mouser Part Number" originx="0" originy="0" style="Default" rotation="0" justify="" flipped="False" hidden="True" data="810-MHQ1005P2N0BT000" />
    <text name="Mouser Price/Stock" originx="0" originy="0" style="Default" rotation="0" justify="" flipped="False" hidden="True" data="https://www.mouser.com/Search/Refine.aspx?Keyword=810-MHQ1005P2N0BT000" />
    <text name="Manufacturer_Name" originx="0" originy="0" style="Default" rotation="0" justify="" flipped="False" hidden="True" data="TDK" />
    <text name="Manufacturer_Part_Number" originx="650" originy="150" style="Default" rotation="0" justify="left" flipped="False" hidden="False" data="MHQ1005P2N0BT000" />
  </component>
</quadcept_library>
