<?xml version="1.0" encoding="utf-8"?>
<!--/1493897/230812/2.49/2/2/Inductor/-->
<quadcept_library>
  <setting unit="mil" />
  <textstyle name="Default" height="47.244094488189" strokewidth="7.8740157480315" charwidth="47.244094488189" />
  <textstyle name="Dimension" height="19.6850393700787" strokewidth="0" charwidth="19.6850393700787" />
  <textstyle name="H127W0635TH00762" height="50" strokewidth="3" charwidth="25" />
  <textstyle name="H15W15TH02" height="59.0551181102362" strokewidth="7.8740157480315" charwidth="59.0551181102362" />
  <padstyle name="r66_50" surface="True" plated="False" isvia="False" nopaste="False" nomask="True" complex="False" holesize="0">
    <padshape layer="TOP" shape="rectangle" width="19.685039370078" height="25.984251968504" />
    <padshape layer="TOP_SOLDER_MASK" shape="rectangle" width="27.55905511811" height="33.858267716535" />
    <padshape layer="TOP_SOLDER_PASTE" shape="rectangle" width="19.685039370078" height="25.984251968504" />
  </padstyle>
  <footprint name="LQW15CNR20J00B" originx="0" originy="0" pickpointx="0" pickpointy="0">
    <pcbpin number="1" name="1" style="r66_50" originx="-17.716535433071" originy="0" rotation="0" />
    <pcbpin number="2" name="2" style="r66_50" originx="17.716535433071" originy="0" rotation="0" />
    <line layer="TOP_ASSEMBLY" originx="-19.685039370078" originy="11.811023622047" endx="19.685039370078" endy="11.811023622047" width="3.9370078740157" />
    <line layer="TOP_ASSEMBLY" originx="19.685039370078" originy="11.811023622047" endx="19.685039370078" endy="-11.811023622047" width="3.9370078740157" />
    <line layer="TOP_ASSEMBLY" originx="19.685039370078" originy="-11.811023622047" endx="-19.685039370078" endy="-11.811023622047" width="3.9370078740157" />
    <line layer="TOP_ASSEMBLY" originx="-19.685039370078" originy="-11.811023622047" endx="-19.685039370078" endy="11.811023622047" width="3.9370078740157" />
    <line layer="TOP_PLACE_BOUND" originx="-66.929133858267" originy="52.362204724409" endx="66.929133858267" endy="52.362204724409" width="3.9370078740157" />
    <line layer="TOP_PLACE_BOUND" originx="66.929133858267" originy="52.362204724409" endx="66.929133858267" endy="-52.362204724409" width="3.9370078740157" />
    <line layer="TOP_PLACE_BOUND" originx="66.929133858267" originy="-52.362204724409" endx="-66.929133858267" endy="-52.362204724409" width="3.9370078740157" />
    <line layer="TOP_PLACE_BOUND" originx="-66.929133858267" originy="-52.362204724409" endx="-66.929133858267" endy="52.362204724409" width="3.9370078740157" />
    <line layer="TOP_SILKSCREEN" originx="0" originy="11.811023622047" endx="0" endy="-11.811023622047" width="3.9370078740157" />
  </footprint>
  <symbol name="LQW15AN7N5J8ZD" originx="0" originy="0">
    <arc originx="250" originy="-2" startangle="177.7" sweepangle="-175.4" radius="50" width="0" />
    <arc originx="350" originy="-2" startangle="177.7" sweepangle="-175.4" radius="50" width="0" />
    <arc originx="450" originy="-2" startangle="177.7" sweepangle="-175.4" radius="50" width="0" />
    <arc originx="550" originy="-2" startangle="177.7" sweepangle="-175.4" radius="50" width="0" />
    <sympin number="1" originx="200" originy="0" rotation="180" length="100" width="7.8740157480315" flipped="False">
      <text name="pinname" originx="0" originy="-10" style="Default" rotation="0" justify="upperleft" flipped="False" hidden="True" data="1" />
      <text name="pindes" originx="0" originy="10" style="Default" rotation="0" justify="lowerleft" flipped="False" hidden="False" data="1" />
    </sympin>
    <sympin number="2" originx="600" originy="0" rotation="0" length="100" width="7.8740157480315" flipped="False">
      <text name="pinname" originx="800" originy="-10" style="Default" rotation="0" justify="upperright" flipped="False" hidden="True" data="2" />
      <text name="pindes" originx="800" originy="10" style="Default" rotation="0" justify="lowerright" flipped="False" hidden="False" data="2" />
    </sympin>
  </symbol>
  <component name="LQW15AN7N5J8ZD" designatorprefix="L" height="23.622047244094" footprint="LQW15CNR20J00B">
    <comppin designator="1" sympin="1" pinswap="0" gateswap="0" gate="1" group="1" side="" type="Any" name="1" />
    <comppin designator="2" sympin="2" pinswap="0" gateswap="0" gate="1" group="1" side="" type="Any" name="2" />
    <attached_symbol gate="1" name="LQW15AN7N5J8ZD" />
    <pinmap designator="1" footprintpin="1" />
    <pinmap designator="2" footprintpin="2" />
    <text name="Datasheet" originx="0" originy="0" style="Default" rotation="0" justify="" flipped="False" hidden="True" data="https://componentsearchengine.com/Datasheets/1/LQW15AN7N5J8ZD.pdf" />
    <text name="Description" originx="0" originy="0" style="Default" rotation="0" justify="" flipped="False" hidden="True" data="LQW15AN_8Z Series Inductor 7.5nH +/-5% 0402 (1005)" />
    <text name="Mouser Part Number" originx="0" originy="0" style="Default" rotation="0" justify="" flipped="False" hidden="True" data="81-LQW15AN7N5J8ZD" />
    <text name="Mouser Price/Stock" originx="0" originy="0" style="Default" rotation="0" justify="" flipped="False" hidden="True" data="https://www.mouser.com/Search/Refine.aspx?Keyword=81-LQW15AN7N5J8ZD" />
    <text name="Manufacturer_Name" originx="0" originy="0" style="Default" rotation="0" justify="" flipped="False" hidden="True" data="Murata Electronics" />
    <text name="Manufacturer_Part_Number" originx="650" originy="150" style="Default" rotation="0" justify="left" flipped="False" hidden="False" data="LQW15AN7N5J8ZD" />
  </component>
</quadcept_library>
